Date,Category,Amount,Note
2025-07-01,Food,220.5,Lunch at Cafe
2025-07-02,Travel,80.0,Bus fare
2025-07-03,Groceries,145.3,Supermarket
2025-07-04,Entertainment,299.0,Movie night
2025-07-05,Utilities,1200.0,Electricity bill
2025-07-06,Rent,12000.0,Monthly rent
2025-07-07,Food,180.0,Dinner
2025-07-08,Health,650.0,Pharmacy
2025-07-09,Shopping,899.99,Summer clothes
2025-07-10,Education,1500.0,Online course
2025-07-11,Travel,120.0,Taxi
2025-07-12,Groceries,210.75,Weekly groceries
2025-07-13,Food,95.0,Breakfast
2025-07-14,Utilities,600.0,Water bill
2025-07-15,Entertainment,450.0,Concert
2025-07-16,Travel,60.0,Metro card
2025-07-17,Food,250.0,Team lunch
2025-07-18,Shopping,1299.0,Shoes
2025-07-19,Health,1200.0,Doctor visit
2025-07-20,Groceries,175.5,Fruits and veggies
2025-07-23,Travel,550.0,SETC Bus
2025-08-01,Food,320.0,Weekend dining
2025-08-02,Travel,95.0,Ride share
2025-08-03,Utilities,1250.0,Electricity bill
2025-08-04,Groceries,230.6,Weekly groceries
2025-08-05,Other,2000.0,Loan Amount
2025-08-06,Entertainment,399.0,Streaming subscription
2025-08-07,Shopping,2499.0,Backpack
2025-08-08,Education,2000.0,Books
2025-08-09,Food,160.0,Coffee and snacks
2025-08-10,Travel,70.0,Bus pass
